Genre,Movie,Release Year,Rating,Runtime,Gross
"Action, Adventure, Fantasy",Avatar,2009,7.9,162 ,2922917914
"Action, Adventure, Drama",Avengers: Endgame,2019,8.4,181 ,2797501328
"Drama, Romance",Titanic,1997,7.9,194 ,2201647264
"Action, Adventure, Sci-Fi",Star Wars: Episode VII - The Force Awakens,2015,7.8,138 ,2069521700
"Action, Adventure, Sci-Fi",Avengers: Infinity War,2018,8.4,149 ,2048359754
"Action, Adventure, Fantasy",Spider-Man: No Way Home,2021,8.2,148 ,1916306995
"Action, Adventure, Sci-Fi",Jurassic World,2015,6.9,124 ,1671537444
"Animation, Adventure, Drama",The Lion King,2019,6.8,118 ,1663075401
"Action, Sci-Fi",The Avengers,2012,8,143 ,1518815515
"Action, Adventure, Fantasy",Avatar: The Way of Water,2022,7.7,192 ,1516558728
"Action, Crime, Thriller",Fast & Furious 7,2015,7.1,137 ,1515341399
"Action, Drama",Top Gun: Maverick,2022,8.3,130 ,1488732821
"Animation, Adventure, Comedy",Frozen II,2019,6.8,103 ,1450026933
"Action, Adventure, Sci-Fi",Avengers: Age of Ultron,2015,7.3,141 ,1402809540
"Action, Adventure, Sci-Fi",Black Panther,2018,7.3,134 ,1382248826
"Adventure, Family, Fantasy",Harry Potter and the Deathly Hallows: Part 2,2011,8.1,130 ,1342359942
"Action, Adventure, Fantasy",Star Wars: Episode VIII - The Last Jedi,2017,6.9,152 ,1332698830
"Action, Adventure, Sci-Fi",Jurassic World: Fallen Kingdom,2018,6.1,128 ,1310466296
"Animation, Adventure, Comedy",Frozen,2013,7.4,102 ,1281508100
"Adventure, Family, Fantasy",Beauty and the Beast,2017,7.1,129 ,1264435322
"Animation, Action, Adventure",Incredibles 2,2018,7.6,118 ,1243089244
"Action, Crime, Thriller",The Fate of the Furious,2017,6.6,136 ,1236005118
"Action, Adventure, Sci-Fi",Iron Man Three,2013,7.1,130 ,1214811252
"Animation, Adventure, Comedy",Minions,2015,6.4,91 ,1159444662
"Action, Sci-Fi",Captain America: Civil War,2016,7.8,147 ,1153337496
"Action, Adventure, Fantasy",Aquaman,2018,6.8,143 ,1148528393
"Action, Adventure, Drama",The Lord of the Rings: The Return of the King,2003,9,201 ,1146457748
"Action, Adventure, Comedy",Spider-Man: Far from Home,2019,7.4,129 ,1131927996
"Action, Adventure, Sci-Fi",Captain Marvel,2019,6.8,123 ,1128462972
"Action, Adventure, Sci-Fi",Transformers: Dark of the Moon,2011,6.2,154 ,1123794079
"Action, Adventure, Sci-Fi",Jurassic Park,1993,8.2,127 ,1109802321
"Action, Adventure, Thriller",Skyfall,2012,7.8,143 ,1108569499
"Action, Adventure, Sci-Fi",Transformers: Age of Extinction,2014,5.6,165 ,1104054072
"Action, Drama, Thriller",The Dark Knight Rises,2012,8.4,164 ,1081169825
"Crime, Drama, Thriller",Joker,2019,8.4,122 ,1074458282
"Action, Adventure, Fantasy",Star Wars: Episode IX - The Rise of Skywalker,2019,6.5,141 ,1074149279
"Animation, Adventure, Comedy",Toy Story 4,2019,7.7,100 ,1073394593
"Animation, Adventure, Comedy",Toy Story 3,2010,8.3,103 ,1066970811
"Action, Adventure, Fantasy",Pirates of the Caribbean: Dead Man's Chest,2006,7.3,151 ,1066179747
"Action, Adventure, Sci-Fi",Rogue One,2016,7.8,133 ,1058682142
"Adventure, Comedy, Family",Aladdin,2019,6.9,128 ,1050693953
"Action, Adventure, Fantasy",Pirates of the Caribbean: On Stranger Tides,2011,6.6,137 ,1045713802
"Animation, Adventure, Comedy",Despicable Me 3,2017,6.2,89 ,1034800131
"Animation, Adventure, Comedy",Finding Dory,2016,7.3,97 ,1028570942
"Action, Adventure, Fantasy",Star Wars: Episode I - The Phantom Menace,1999,6.5,136 ,1027082707
"Adventure, Family, Fantasy",Alice in Wonderland,2010,6.4,108 ,1025468216
"Animation, Adventure, Comedy",Zootopia,2016,8,108 ,1024121104
"Adventure, Family, Fantasy",Harry Potter and the Sorcerer's Stone,2001,7.6,152 ,1023842938
"Adventure, Fantasy",The Hobbit: An Unexpected Journey,2012,7.8,169 ,1017030651
"Action, Crime, Drama",The Dark Knight,2008,9,152 ,1006234167
"Action, Adventure, Sci-Fi",Jurassic World: Dominion,2022,5.6,147 ,1001978080
"Action, Adventure, Comedy",Jumanji: Welcome to the Jungle,2017,6.9,119 ,995339117
"Adventure, Family, Fantasy",Harry Potter and the Deathly Hallows: Part 1,2010,7.7,146 ,977070383
"Animation, Adventure, Comedy",Despicable Me 2,2013,7.3,98 ,970766005
"Animation, Adventure, Drama",The Lion King,1994,8.5,88 ,968511805
"Adventure, Drama, Family",The Jungle Book,2016,7.4,106 ,966554929
"Adventure, Fantasy",The Hobbit: The Battle of the Five Armies,2014,7.4,144 ,962201338
"Action, Adventure, Fantasy",Pirates of the Caribbean: At World's End,2007,7.1,169 ,960996492
Fantasy,The Hobbit: The Desolation of Smaug,2013,7.8,161 ,959027992
"Action, Adventure, Fantasy",Doctor Strange in the Multiverse of Madness,2022,6.9,126 ,955775804
"Action, Adventure, Drama",The Lord of the Rings: The Two Towers,2002,8.8,179 ,947944270
"Action, Adventure, Family",Harry Potter and the Order of the Phoenix,2007,7.5,138 ,942256902
"Animation, Adventure, Comedy",Finding Nemo,2003,8.2,100 ,940352645
"Animation, Adventure, Comedy",Minions: The Rise of Gru,2022,6.5,87 ,939628210
"Action, Adventure, Family",Harry Potter and the Half-Blood Prince,2009,7.6,153 ,934504700
"Animation, Adventure, Comedy",Shrek 2,2004,7.3,93 ,928760770
"Adventure, Family, Fantasy",Harry Potter and the Chamber of Secrets,2002,7.4,161 ,925054421
"Biography, Drama, Music",Bohemian Rhapsody,2018,7.9,134 ,910809311
"Action, Drama, History",Chang jin hu,2021,5.4,176 ,902548476
"Action, Adventure, Drama",The Lord of the Rings: The Fellowship of the Ring,2001,8.8,178 ,898204420
"Adventure, Family, Fantasy",Harry Potter and the Goblet of Fire,2005,7.7,157 ,896815106
"Action, Adventure, Sci-Fi",Spider-Man 3,2007,6.3,139 ,894983373
"Animation, Adventure, Comedy",The Secret Life of Pets,2016,6.5,87 ,894328469
"Animation, Adventure, Comedy",Ice Age: Dawn of the Dinosaurs,2009,6.9,94 ,886686817
"Action, Adventure, Thriller",Spectre,2015,6.8,148 ,880705312
"Action, Adventure, Sci-Fi",Spider-Man: Homecoming,2017,7.4,133 ,880166924
"Animation, Adventure, Comedy",Ice Age: Continental Drift,2012,6.5,88 ,877244782
"Action, Adventure, Sci-Fi",Batman v Superman: Dawn of Justice,2016,6.4,151 ,873637528
"Action, Adventure, Drama",Zhan lang II,2017,5.9,123 ,870325439
"Action, Adventure, Fantasy",Star Wars: Episode III - Revenge of the Sith,2005,7.6,140 ,868390560
"Action, Adventure, Sci-Fi",The Hunger Games: Catching Fire,2013,7.5,146 ,865011746
"Action, Adventure, Comedy",Guardians of the Galaxy Vol. 2,2017,7.6,136 ,863756051
"Animation, Adventure, Comedy",Inside Out,2015,8.1,95 ,858848019
"Action, Adventure, Sci-Fi",Venom,2018,6.6,112 ,856085151
"Action, Adventure, Comedy",Thor: Ragnarok,2017,7.9,130 ,853983879
"Adventure, Drama, Fantasy",The Twilight Saga: Breaking Dawn - Part 2,2012,5.5,115 ,848853382
"Action, Adventure, Sci-Fi",Inception,2010,8.8,148 ,836848102
"Action, Adventure, Sci-Fi",Transformers: Revenge of the Fallen,2009,5.9,149 ,836303693
"Action, Adventure, Sci-Fi",Spider-Man,2002,7.4,121 ,825025036
"Action, Adventure, Drama",Black Panther: Wakanda Forever,2022,6.7,161 ,823221911
"Action, Adventure, Fantasy",Wonder Woman,2017,7.4,141 ,822854286
"Comedy, Romance","Ni hao, Li Huanying",2021,7,128 ,822009764
"Action, Adventure, Sci-Fi",Independence Day,1996,7,145 ,817400891
"Adventure, Family, Fantasy",Fantastic Beasts and Where to Find Them,2016,7.2,132 ,814044001
"Animation, Adventure, Comedy",Shrek the Third,2007,6.1,93 ,813367380
"Animation, Adventure, Comedy",Coco,2017,8.4,105 ,807817888
"Action, Adventure, Comedy",Jumanji: The Next Level,2019,6.7,123 ,801693929
"Adventure, Family, Fantasy",Harry Potter and the Prisoner of Azkaban,2004,7.9,142 ,797660766
"Action, Adventure, Fantasy",Pirates of the Caribbean: Dead Men Tell No Tales,2017,6.5,129 ,794881442
"Adventure, Family, Sci-Fi",E.T. the Extra-Terrestrial,1982,7.9,115 ,792910554
"Action, Adventure, Thriller",Mission: Impossible - Fallout,2018,7.7,147 ,791657398
"Action, Adventure, Sci-Fi",2012,2009,5.8,158 ,791217826
"Action, Adventure",Indiana Jones and the Kingdom of the Crystal Skull,2008,6.2,122 ,790653942
"Action, Adventure, Sci-Fi",Spider-Man 2,2004,7.4,127 ,788976453
"Action, Adventure, Crime",Furious 6,2013,7,130 ,788680968
"Action, Adventure, Comedy",Deadpool 2,2018,7.6,119 ,785896609
"Action, Comedy",Deadpool,2016,8,108 ,782836791
"Action, Adventure, Fantasy",Star Wars,1977,8.6,121 ,775398007
"Action, Adventure, Thriller",No Time to Die,2021,7.3,163 ,774153007
"Adventure, Drama, Sci-Fi",Interstellar,2014,8.6,169 ,773867216
"Action, Adventure, Comedy",Guardians of the Galaxy,2014,8,121 ,773350147
"Action, Crime, Drama",The Batman,2022,7.8,176 ,770945583
"Action, Adventure, Comedy",Thor: Love and Thunder,2022,6.2,118 ,760928081
"Action, Adventure, Thriller",Fast & Furious Presents: Hobbs & Shaw,2019,6.5,137 ,760732926
"Mystery, Thriller",The Da Vinci Code,2006,6.6,149 ,760006945
"Adventure, Family, Fantasy",Maleficent,2014,6.9,97 ,758411779
"Action, Adventure, Sci-Fi",The Amazing Spider-Man,2012,6.9,136 ,757930663
"Action, Adventure, Sci-Fi",The Hunger Games: Mockingjay - Part 1,2014,6.6,123 ,755356711
"Animation, Adventure, Comedy",Shrek Forever After,2010,6.3,95 ,752600867
"Drama, Sci-Fi, Thriller",Gravity,2013,7.7,91 ,748049949
"Animation, Adventure, Comedy",Madagascar 3: Europe's Most Wanted,2012,6.8,95 ,746921274
"Action, Adventure, Fantasy",Suicide Squad,2016,5.9,123 ,746846894
"Action, Adventure, Sci-Fi",X-Men: Days of Future Past,2014,7.9,132 ,746045700
"Adventure, Family, Fantasy","The Chronicles of Narnia: The Lion, the Witch and the Wardrobe",2005,6.9,143 ,745013115
"Animation, Adventure, Comedy",Monsters University,2013,7.2,104 ,743559645
"Action, Sci-Fi",The Matrix Reloaded,2003,7.2,138 ,741847937
"Animation, Adventure, Comedy",Up,2009,8.3,96 ,735099102
"Animation, Action, Adventure",Ne Zha zhi mo tong jiang shi,2019,7.4,110 ,726264074
"Action, Crime, Thriller",F9,2021,5.2,143 ,726229501
"Action, Adventure, Sci-Fi",Captain America: The Winter Soldier,2014,7.8,136 ,714421503
"Adventure, Drama, Fantasy",The Twilight Saga: Breaking Dawn - Part 1,2011,4.9,117 ,712205856
"Adventure, Drama, Fantasy",The Twilight Saga: New Moon,2009,4.7,130 ,711025481
"Action, Adventure, Drama",Dawn of the Planet of the Apes,2014,7.6,130 ,710644566
"Action, Adventure, Sci-Fi",Transformers,2007,7,144 ,709709780
"Action, Adventure, Sci-Fi",The Amazing Spider-Man 2,2014,6.6,142 ,708982323
Horror,It,2017,7.3,135 ,701842551
"Action, Adventure, Sci-Fi",Liu lang di qiu,2019,5.9,125 ,699992512
"Action, Adventure, Drama",The Twilight Saga: Eclipse,2010,5,124 ,698509825
"Action, Adventure, Thriller",Mission: Impossible - Ghost Protocol,2011,7.4,132 ,694713380
"Comedy, Musical, Romance",Mamma Mia!,2008,6.5,108 ,694476782
"Action, Adventure, Sci-Fi",The Hunger Games,2012,7.2,142 ,694394724
"Action, Adventure, Comedy",Tang ren jie tan an 3,2021,5.6,136 ,686257563
"Action, Adventure, Thriller",Mission: Impossible - Rogue Nation,2015,7.4,131 ,682716636
"Drama, Romance",Forrest Gump,1994,8.8,142 ,678226465
"Action, Adventure, Fantasy",Doctor Strange,2016,7.5,115 ,677796076
"Drama, Mystery, Thriller",The Sixth Sense,1999,8.2,107 ,672806432
"Action, Adventure, Sci-Fi",Man of Steel,2013,7.1,143 ,668045518
"Animation, Adventure, Comedy",Ice Age: The Meltdown,2006,6.8,91 ,667094506
"Animation, Action, Adventure",Kung Fu Panda 2,2011,7.2,90 ,665692281
"Animation, Adventure, Comedy",Moana,2016,7.6,107 ,665069139
"Action, Adventure, Fantasy",Justice League,2017,6.1,120 ,657926987
"Animation, Action, Adventure",Big Hero 6,2014,7.8,102 ,657869686
"Adventure, Family, Fantasy",Fantastic Beasts: The Crimes of Grindelwald,2018,6.5,134 ,654855901
"Action, Adventure, Fantasy",Pirates of the Caribbean: The Curse of the Black Pearl,2003,8.1,143 ,654264015
"Action, Adventure, Comedy",Men in Black 3,2012,6.8,106 ,654213485
"Action, Adventure, Fantasy",Star Wars: Episode II - Attack of the Clones,2002,6.6,142 ,653779970
"Action, Adventure, Sci-Fi",The Hunger Games: Mockingjay - Part 2,2015,6.5,137 ,653428261
"Action, Adventure, Fantasy",Thor: The Dark World,2013,6.8,112 ,644783140
"Animation, Comedy, Family",Sing,2016,7.1,108 ,634338384
"Animation, Action, Adventure",Kung Fu Panda,2008,7.6,92 ,632083197
"Animation, Action, Adventure",The Incredibles,2004,8,115 ,631607053
"Adventure, Drama, Sci-Fi",The Martian,2015,8,144 ,630620818
"Action, Comedy, Drama",Hancock,2008,6.4,92 ,629443428
"Action, Drama, History",Chang jin hu zhi shui men qiao,2022,5.5,153 ,626571697
"Action, Crime, Thriller",Fast Five,2011,7.3,130 ,626137675
"Action, Sci-Fi",Iron Man 2,2010,6.9,124 ,623933331
"Animation, Adventure, Comedy",Ratatouille,2007,8.1,111 ,623726085
"Action, Adventure, Comedy",Ant-Man and the Wasp,2018,7,118 ,622674139
"Animation, Action, Adventure",How to Train Your Dragon 2,2014,7.8,102 ,621537519
"Action, Drama, Sci-Fi",Logan,2017,8.1,137 ,619179950
"Action, Adventure, Sci-Fi",The Lost World: Jurassic Park,1997,6.5,129 ,618638999
"Action, Adventure, Thriller",Casino Royale,2006,8,144 ,616505162
Drama,The Passion of the Christ,2004,7.2,127 ,612054506
"Adventure, Drama, Fantasy",Life of Pi,2012,7.9,127 ,609016565
"Action, Adventure, Sci-Fi",Transformers: The Last Knight,2017,5.2,154 ,605425157
"Animation, Adventure, Comedy",Madagascar: Escape 2 Africa,2008,6.6,89 ,603900354
"Action, Adventure, Sci-Fi",War of the Worlds,2005,6.5,116 ,603873119
"Animation, Adventure, Comedy",Tangled,2010,7.7,100 ,592462816
"Action, Adventure, Sci-Fi",Ready Player One,2018,7.4,140 ,592241728
"Action, Adventure, Mystery",Quantum of Solace,2008,6.6,106 ,589580482
"Action, Adventure, Comedy",Men in Black,1997,7.3,98 ,589390539
"Animation, Action, Adventure",The Croods,2013,7.2,98 ,587235983
Comedy,The Hangover Part II,2011,6.5,102 ,586764305
"Action, Adventure, Sci-Fi",Iron Man,2008,7.9,126 ,585796247
"Action, Drama, Horror",I Am Legend,2007,7.2,101 ,585410052
"Animation, Adventure, Comedy","Monsters, Inc.",2001,8.1,92 ,579707738
"Action, Drama, Thriller",Hong hai xing dong,2018,6.6,142 ,579330426
"Adventure, Comedy, Family",Night at the Museum,2006,6.4,108 ,574481229
"Drama, Romance, Thriller",Fifty Shades of Grey,2015,4.2,125 ,569651467
"Action, Adventure, Fantasy",Kong: Skull Island,2017,6.6,118 ,566652812
"Animation, Adventure, Comedy",The Smurfs,2011,5.4,103 ,563749323
"Animation, Adventure, Comedy",Cars 2,2011,6.2,106 ,559852396
"Action, Adventure, Drama",King Kong,2005,7.2,187 ,556906378
"Animation, Adventure, Comedy",Puss in Boots,2011,6.6,90 ,554987477
"Comedy, Drama, Fantasy",Mei ren yu,2016,6.2,94 ,553810228
"Action, Adventure, Sci-Fi",Armageddon,1998,6.7,151 ,553709788
"Action, Adventure, Sci-Fi",The Day After Tomorrow,2004,6.4,124 ,552639571
Comedy,Ted,2012,6.9,106 ,549368315
"Action, Biography, Drama",American Sniper,2014,7.3,133 ,547459020
"Action, Adventure, Thriller",Mission: Impossible II,2000,6.1,123 ,546388108
"Action, Comedy, Mystery",Tang ren jie tan an 2,2018,6.1,121 ,544185156
"Action, Adventure, Sci-Fi",X-Men: Apocalypse,2016,6.9,144 ,543934105
"Action, Adventure, Mystery",Sherlock Holmes: A Game of Shadows,2011,7.4,129 ,543848418
"Animation, Adventure, Comedy",Despicable Me,2010,7.6,95 ,543157985
"Adventure, Drama, Family",Cinderella,2015,6.9,105 ,542358331
"Animation, Adventure, Comedy",Madagascar,2005,6.9,86 ,542063846
"Action, Adventure, Horror",World War Z,2013,7,116 ,540455876
"Animation, Adventure, Comedy",Brave,2012,7.1,93 ,538983207
"Action, Adventure, Fantasy",The Empire Strikes Back,1980,8.7,124 ,538375067
"Animation, Adventure, Comedy",The Simpsons Movie,2007,7.3,87 ,536414293
"Action, Adventure, Drama",The Revenant,2015,8,156 ,532950503
"Action, Horror, Sci-Fi",The Meg,2018,5.6,113 ,530517320
"Animation, Adventure, Comedy",Ralph Breaks the Internet,2018,7,112 ,529323962
"Animation, Adventure, Comedy",Hotel Transylvania 3: Summer Vacation,2018,6.3,97 ,528583774
"Animation, Adventure, Comedy",The Boss Baby,2017,6.3,97 ,527965936
"Action, Drama, History",Dunkirk,2017,7.8,106 ,527016307
"Animation, Comedy, Family",The Grinch,2018,6.4,85 ,526760632
"Action, Adventure, Sci-Fi",Godzilla,2014,6.4,123 ,524976069
"Animation, Action, Adventure",How to Train Your Dragon: The Hidden World,2019,7.4,104 ,524580592
"Action, Adventure, Mystery",Sherlock Holmes,2009,7.6,128 ,524028679
"Comedy, Romance",Meet the Fockers,2004,6.3,115 ,522657936
"Animation, Adventure, Family",WALL·E,2008,8.4,98 ,521311890
"Animation, Action, Adventure",Kung Fu Panda 3,2016,7.1,95 ,521170825
"Action, Sci-Fi",Terminator 2: Judgment Day,1991,8.6,137 ,520881154
"Action, Comedy, Sci-Fi",Ant-Man,2015,7.3,117 ,519311965
"Action, Sci-Fi, Thriller",Venom: Let There Be Carnage,2021,5.9,97 ,506863592
"Drama, Fantasy, Romance",Ghost,1990,7.1,127 ,505703557
"Animation, Adventure, Comedy",Aladdin,1992,8,90 ,504050219
"Action, Adventure, Drama",Gladiator,2000,8.5,155 ,503162313
"Animation, Adventure, Comedy",Rio 2,2014,6.3,101 ,498781117
Drama,Troy,2004,7.3,163 ,497409852
"Animation, Adventure, Comedy",Toy Story 2,1999,7.9,92 ,497375381
"Animation, Action, Adventure",How to Train Your Dragon,2010,8.1,98 ,494879471
"Action, Adventure, Thriller",Twister,1996,6.4,113 ,494580615
"Adventure, Family, Fantasy",Oz the Great and Powerful,2013,6.3,130 ,493311825
"Action, Adventure, Fantasy",Clash of the Titans,2010,5.8,106 ,493214993
"Adventure, Family, Fantasy",Maleficent: Mistress of Evil,2019,6.6,119 ,491730089
"Action, Adventure, Drama",War for the Planet of the Apes,2017,7.4,140 ,490719763
"Animation, Adventure, Comedy",Shrek,2001,7.9,90 ,488351320
"Action, Comedy, Crime",Mr. & Mrs. Smith,2005,6.5,120 ,487287646
"Action, Mystery, Thriller",Angels & Demons,2009,6.7,138 ,485930816
"Action, Adventure, Comedy",Teenage Mutant Ninja Turtles,2014,5.8,101 ,485004754
"Comedy, Fantasy",Bruce Almighty,2003,6.8,101 ,484592874
"Animation, Adventure, Comedy",Rio,2011,6.9,96 ,483866772
"Drama, War",Saving Private Ryan,1998,8.6,169 ,482349603
"Action, Drama, Sci-Fi",Rise of the Planet of the Apes,2011,7.6,105 ,481800873
"Comedy, Family",Home Alone,1990,7.7,103 ,476684675
"Adventure, Mystery, Thriller",Jaws,1975,8.1,124 ,476512065
"Animation, Adventure, Comedy",Hotel Transylvania 2,2015,6.6,89 ,475186706
"Action, Adventure, Fantasy",Star Wars: Episode VI - Return of the Jedi,1983,8.3,131 ,475106177
"Adventure, Comedy, Family",Charlie and the Chocolate Factory,2005,6.7,115 ,474968763
"Action, Adventure",Indiana Jones and the Last Crusade,1989,8.2,127 ,474171806
"Action, Adventure, Thriller",San Andreas,2015,6.1,114 ,474009154
"Drama, Fantasy, Horror",It Chapter Two,2019,6.5,169 ,473122525
"Comedy, Drama, Music",La La Land,2016,8,128 ,472013241
"Animation, Adventure, Comedy",Wreck-It Ralph,2012,7.7,101 ,471222889
"Action, Sci-Fi, Thriller",Godzilla vs. Kong,2021,6.3,113 ,470116094
Comedy,The Hangover,2009,7.7,100 ,469328079
"Action, Sci-Fi, Thriller",Lucy,2014,6.4,89 ,469058574
"Animation, Action, Adventure",The Lego Movie,2014,7.7,100 ,468266122
"Action, Adventure, Sci-Fi",Bumblebee,2018,6.7,114 ,467989645
"Action, Adventure, Sci-Fi",Star Trek Into Darkness,2013,7.7,132 ,467365246
"Action, Sci-Fi",The Matrix,1999,8.7,136 ,467222728
"Comedy, Romance",Pretty Woman,1990,7.1,119 ,463406268
"Animation, Adventure, Comedy",Cars,2006,7.2,117 ,461991867
"Action, Drama, History",Ba bai,2020,6.7,149 ,461421559
"Action, Adventure, Sci-Fi",X-Men: The Last Stand,2006,6.6,104 ,460435291
"Comedy, Sci-Fi",Du xing yue qiu,2022,6.4,122 ,460237662
"Action, Adventure, Mystery",National Treasure: Book of Secrets,2007,6.5,124 ,459242249
"Action, Adventure, Thriller",Mission: Impossible,1996,7.1,110 ,457696391
"Action, Drama",300,2006,7.6,117 ,456082343
"Action, Drama",The Last Samurai,2003,7.8,154 ,454627263
"Animation, Action, Adventure",Kimetsu no Yaiba: Mugen Ressha-Hen,2020,8.2,117 ,453210959
"Comedy, Drama",Wo bu shi yao shen,2018,7.8,117 ,451183391
"Crime, Thriller",Ocean's Eleven,2001,7.7,116 ,450717150
"Drama, History",Wo he wo de zu guo,2019,6.3,154 ,450064993
"Action, Fantasy",Thor,2011,7,115 ,449326618
"Action, Drama, History",Pearl Harbor,2001,6.2,183 ,449220945
"Animation, Adventure, Comedy",Tarzan,1999,7.3,88 ,448191819
"Action, Adventure, Comedy",Men in Black II,2002,6.2,88 ,445135288
"Action, Mystery, Thriller",The Bourne Ultimatum,2007,8,115 ,444100035
"Action, Adventure, Fantasy",The Mummy Returns,2001,6.4,130 ,443280904
"Animation, Adventure, Comedy",Alvin and the Chipmunks: The Squeakquel,2009,4.5,88 ,443140005
"Drama, Musical, Romance",Les Misérables,2012,7.5,158 ,442299309
Horror,The Exorcist,1973,8.1,122 ,441306145
"Comedy, Drama",Mrs. Doubtfire,1993,7.1,125 ,441286195
"Action, Adventure, Sci-Fi",Terminator Genisys,2015,6.3,126 ,440603537
"Action, Adventure, Fantasy",Warcraft,2016,6.7,123 ,439048914
"Drama, Music, Romance",A Star Is Born,2018,7.6,136 ,436233122
"Biography, Drama, Musical",The Greatest Showman,2017,7.5,105 ,435732529
"Action, Sci-Fi",Terminator 3: Rise of the Machines,2003,6.3,109 ,433371112
"Action, Adventure, Comedy",Pokémon: Detective Pikachu,2019,6.5,104 ,433230304
"Action, Adventure, Fantasy",Shang-Chi and the Legend of the Ten Rings,2021,7.4,132 ,432243292
"Action, Adventure, Thriller",Die Another Day,2002,6.1,133 ,431971116
"Animation, Adventure, Comedy",The Secret Life of Pets 2,2019,6.4,86 ,431058415
"Adventure, Drama, Romance",Cast Away,2000,7.8,143 ,429632142
"Action, Adventure, Sci-Fi",Rampage,2018,6.1,107 ,428028233
"Biography, Drama, History",The King's Speech,2010,8,118 ,427374317
"Action, Sci-Fi",The Matrix Revolutions,2003,6.7,129 ,427344325
"Biography, Comedy, Drama",The Intouchables,2011,8.5,112 ,426588510
"Action, Comedy, Crime",Bad Boys for Life,2020,6.5,124 ,426505244
"Drama, Western",Django Unchained,2012,8.4,165 ,426074373
"Animation, Family, Fantasy",Beauty and the Beast,1991,8,84 ,424967620
"Adventure, Drama, Western",Dances with Wolves,1990,8,181 ,424208848
Drama,Wo he wo de jia xiang,2020,6.4,153 ,422390820
"Action, Adventure, Family",The Chronicles of Narnia: Prince Caspian,2008,6.5,150 ,419665568
"Comedy, Drama, Romance",Sex and the City,2008,5.7,145 ,418765519
"Action, Adventure, Drama",Zhong guo ji zhang,2019,6.2,111 ,417282021
"Action, Adventure, Fantasy",The Mummy,1999,7.1,124 ,415933406
"Adventure, Family, Fantasy",The Chronicles of Narnia: The Voyage of the Dawn Treader,2010,6.3,113 ,415686217
"Action, Thriller",Jason Bourne,2016,6.6,123 ,415484914
"Action, Adventure, Sci-Fi",Mad Max: Fury Road,2015,8.1,120 ,415261382
"Action, Sci-Fi",The Wolverine,2013,6.7,126 ,414828246
"Action, Adventure, Comedy",Kingsman: The Secret Service,2014,7.7,129 ,414351546
"Adventure, Comedy, Family",Night at the Museum: Battle of the Smithsonian,2009,6,105 ,413106170
"Action, Adventure",Batman,1989,7.5,126 ,411569241
"Action, Drama, Music",The Bodyguard,1992,6.3,129 ,411046449
"Action, Adventure, Sci-Fi",Pacific Rim,2013,6.9,131 ,411002906
"Action, Adventure, Comedy",Kingsman: The Golden Circle,2017,6.7,141 ,410902662
"Action, Adventure, Fantasy",The Mummy,2017,5.4,110 ,409231607
"Animation, Adventure, Comedy",Ice Age: Collision Course,2016,5.6,94 ,408754975
"Drama, Fantasy, Romance",Twilight,2008,5.3,122 ,408430415
"Drama, Mystery, Sci-Fi",Signs,2002,6.8,106 ,408247917
"Action, Sci-Fi, Thriller",X2,2003,7.4,134 ,407711549
"Animation, Adventure, Comedy",Sing 2,2021,7.4,110 ,407562651
"Adventure, Family, Fantasy",Fantastic Beasts: The Secrets of Dumbledore,2022,6.2,142 ,406950844
"Biography, Comedy, Crime",The Wolf of Wall Street,2013,8.2,180 ,406878233
"Action, Adventure, Sci-Fi",Alita: Battle Angel,2019,7.3,122 ,404980543
"Action, Adventure, Fantasy",The Mummy: Tomb of the Dragon Emperor,2008,5.2,112 ,403449830
"Adventure, Mystery, Sci-Fi",Prometheus,2012,7,124 ,403354469
"Action, Adventure, Comedy",Sonic the Hedgehog 2,2022,6.5,122 ,402656846
"Drama, Romance, War",Gone with the Wind,1939,8.2,238 ,402382193
"Comedy, Musical, Romance",Mamma Mia! Here We Go Again,2018,6.6,114 ,402264843
"Action, Adventure, Fantasy",Eternals,2021,6.3,156 ,402064899
"Action, Adventure, Drama",Dune: Part One,2021,8,155 ,402027830
"Action, Adventure",Uncharted,2022,6.3,116 ,401748820
"Action, Adventure, Sci-Fi",Tron,2010,6.8,125 ,400063852
"Action, Adventure, Thriller",Mission: Impossible III,2006,6.9,126 ,398479497
"Action, Adventure, Drama",Snow White and the Huntsman,2012,6.1,127 ,396592829
"Comedy, Musical, Romance",Grease,1978,7.2,110 ,396271103
"Animation, Adventure, Comedy",Toy Story,1995,8.3,81 ,394436586
"Action, Adventure, Sci-Fi",Solo: A Star Wars Story,2018,6.9,135 ,392924807
"Action, Adventure, Fantasy",Black Adam,2022,6.3,125 ,392913058
"Action, Adventure, Sci-Fi",Superman Returns,2006,6.1,154 ,391081192
"Action, Adventure, Drama",Robin Hood: Prince of Thieves,1991,6.9,143 ,390493908
"Action, Adventure",Raiders of the Lost Ark,1981,8.4,115 ,389925971
"Action, Adventure, Sci-Fi",Independence Day: Resurgence,2016,5.2,120 ,389681935
"Action, Thriller",Live Free or Die Hard,2007,7.1,128 ,388156011
"Adventure, Comedy, Fantasy",Zhuo yao ji,2015,6.1,117 ,387053506
"Action, Adventure, Fantasy",Godzilla: King of the Monsters,2019,6,132 ,386600138
"Animation, Adventure, Comedy",Home,2015,6.6,94 ,386041607
"Action, Adventure, Sci-Fi",Star Trek,2009,7.9,127 ,385680446
"Action, Drama, War",1917,2019,8.2,119 ,384577421
"Animation, Adventure, Comedy",Happy Feet,2006,6.4,108 ,384336108
"Animation, Action, Adventure",Spider-Man: Into the Spider-Verse,2018,8.4,117 ,384256930
"Animation, Adventure, Comedy",Cars 3,2017,6.7,102 ,383930656
"Adventure, Comedy, Sci-Fi",Back to the Future,1985,8.5,116 ,383336762
"Animation, Adventure, Comedy",Ice Age,2002,7.5,81 ,383257136
"Animation, Drama, Fantasy",Kimi no na wa.,2016,8.4,106 ,382238181
"Drama, Romance, Thriller",Fifty Shades Darker,2017,4.6,118 ,381545846
"Animation, Action, Adventure",Monsters vs. Aliens,2009,6.4,94 ,381509870
"Action, Adventure, Sci-Fi",Black Widow,2021,6.7,134 ,379751655
"Action, Sci-Fi, Thriller",Godzilla,1998,5.4,139 ,379014294
"Action, Comedy, Thriller",True Lies,1994,7.3,141 ,378882411
"Crime, Drama, Romance",Slumdog Millionaire,2008,8,120 ,378410542
"Comedy, Drama",Once Upon a Time in... Hollywood,2019,7.6,161 ,377617598
"Action, Crime, Thriller",Taken 2,2012,6.2,92 ,376152455
"Action, Adventure, Sci-Fi",G.I. Joe: Retaliation,2013,5.7,110 ,375740705
"Animation, Adventure, Comedy",Shark Tale,2004,6,90 ,374583879
"Comedy, Fantasy, Romance",What Women Want,2000,6.4,127 ,374111707
"Animation, Action, Adventure",The Adventures of Tintin,2011,7.3,107 ,373993951
"Action, Crime, Drama",Batman Begins,2005,8.2,140 ,373672993
"Animation, Action, Adventure",Penguins of Madagascar,2014,6.6,92 ,373515621
"Action, Sci-Fi",X-Men Origins: Wolverine,2009,6.5,107 ,373062864
"Adventure, Family, Fantasy",The Golden Compass,2007,6.1,113 ,372234864
"Drama, Romance, Thriller",Fifty Shades Freed,2018,4.5,105 ,371985018
"Comedy, Romance",Hitch,2005,6.6,118 ,371594210
"Action, Adventure, Sci-Fi",Terminator Salvation,2009,6.5,115 ,371353001
"Action, Adventure, Sci-Fi",Captain America: The First Avenger,2011,6.9,124 ,370569774
"Action, Adventure, Sci-Fi",Edge of Tomorrow,2014,7.9,113 ,370541256
"Comedy, Romance",There's Something About Mary,1998,7.1,119 ,369884651
"Drama, Mystery, Thriller",Gone Girl,2014,8.1,149 ,369330363
"Action, Crime, Drama",The Fugitive,1993,7.8,130 ,368875760
"Action, Adventure, Sci-Fi",Jurassic Park III,2001,5.9,92 ,368780809
"Comedy, Drama, Romance",My Big Fat Greek Wedding,2002,6.6,95 ,368744044
Comedy,Xi hong shi shou fu,2018,6.1,118 ,366961907
"Action, Adventure, Thriller",Die Hard with a Vengeance,1995,7.6,128 ,366101666
"Action, Adventure, Comedy",Shazam!,2019,7,132 ,366080049
"Horror, Mystery, Thriller",The Nun,2018,5.3,96 ,365582797
"Animation, Adventure, Comedy",Alvin and the Chipmunks,2007,5.2,92 ,365352546
"Action, Sci-Fi, Thriller",Tenet,2020,7.3,150 ,365304105
"Comedy, Drama, Romance",Notting Hill,1999,7.2,124 ,363889678
"Animation, Adventure, Comedy",A Bug's Life,1998,7.2,95 ,363258859
"Adventure, Comedy, Family",Night at the Museum: Secret of the Tomb,2014,6.2,98 ,363204635
"Crime, Thriller",Ocean's Twelve,2004,6.5,125 ,362744280
"Action, Adventure, Sci-Fi",Planet of the Apes,2001,5.7,119 ,362211740
"Comedy, Crime",The Hangover Part III,2013,5.8,100 ,362000072
"Action, Adventure, Thriller",The World Is Not Enough,1999,6.4,128 ,361832400
"Adventure, Comedy, Fantasy",Zhuo yao ji 2,2018,5.4,110 ,361682618
"Action, Crime, Thriller",Fast & Furious,2009,6.5,107 ,360366870
"Action, Adventure, Drama",Noah,2014,5.8,138 ,359200044
"Action, Drama, Family",The Karate Kid,2010,6.2,140 ,359126022
"Adventure, Comedy, Crime",Home Alone 2: Lost in New York,1992,6.8,120 ,358994850
"Animation, Adventure, Comedy",Hotel Transylvania,2012,7,91 ,358375603
"Action, Crime, Mystery",Minority Report,2002,7.6,145 ,358372926
"Action, Drama",Top Gun,1986,6.9,109 ,357288178
"Action, Adventure, Drama",The Legend of Tarzan,2016,6.2,110 ,356700357
Drama,American Beauty,1999,8.4,122 ,356296601
"Animation, Adventure, Family",Sen to Chihiro no kamikakushi,2001,8.6,125 ,355822319
"Adventure, Drama, History",Apollo 13,1995,7.7,140 ,355237933
Drama,Rain Man,1988,8,133 ,354825435
"Drama, Romance",The Great Gatsby,2013,7.2,143 ,353659851
"Adventure, Family, Fantasy",Dumbo,2019,6.3,112 ,353284621
"Action, Mystery, Sci-Fi","I, Robot",2004,7.1,115 ,353133898
"Drama, Mystery, Thriller",Basic Instinct,1992,7,127 ,352927224
"Crime, Drama, Mystery",Murder on the Orient Express,2017,6.5,114 ,352794081
"Action, Sci-Fi",X: First Class,2011,7.7,131 ,352616690
"Animation, Action, Adventure",Angry Birds,2016,6.3,97 ,352333929
"Action, Adventure, Thriller",GoldenEye,1995,7.2,130 ,352194034
"Biography, Crime, Drama",Catch Me If You Can,2002,8.1,141 ,352114312
"Crime, Mystery, Thriller",Now You See Me,2013,7.2,115 ,351723989
"Crime, Drama, Thriller",Hannibal,2001,6.8,131 ,351692268
"Action, Comedy, Crime",The Mask,1994,6.9,101 ,351583407
"Adventure, Comedy, Crime",Peter Rabbit,2018,6.6,95 ,351496066
"Action, Adventure, Thriller",Speed,1994,7.3,116 ,350448145
"Animation, Adventure, Drama",Dinosaur,2000,6.4,82 ,349822765
"Adventure, Comedy, Family",Mary Poppins Returns,2018,6.7,130 ,349546142
"Action, Drama, Sci-Fi",Deep Impact,1998,6.2,120 ,349464664
"Animation, Adventure, Comedy",The Lorax,2012,6.4,86 ,349183316
"Action, Mystery, Sci-Fi",The Maze Runner,2014,6.8,113 ,348319861
"Animation, Adventure, Comedy",The Smurfs 2,2013,5.3,105 ,347545360
"Action, Adventure, Mystery",National Treasure,2004,6.9,131 ,347512318
"Action, Comedy, Crime",Rush Hour 2,2001,6.6,90 ,347325802
"Animation, Adventure, Comedy",Trolls,2016,6.4,92 ,347182886
"Action, Adventure, Thriller",xXx: Return of Xander Cage,2017,5.2,107 ,346118277
"Animation, Adventure, Drama",Pocahontas,1995,6.7,81 ,346079773
"Comedy, Family, Fantasy",How the Grinch Stole Christmas,2000,6.3,104 ,345823032
"Action, Adventure, Sci-Fi",Star Trek Beyond,2016,7,122 ,343471816
"Animation, Adventure, Comedy",Alvin and the Chipmunks: Chipwrecked,2011,4.3,87 ,342695435
"Action, Crime, Thriller",Wanted,2008,6.7,110 ,342463063
"Comedy, Family, Fantasy",The Flintstones,1994,5,91 ,341631208
"Drama, Horror, Sci-Fi",A Quiet Place,2018,7.5,90 ,340952971
"Animation, Adventure, Comedy",Enchanted,2007,7.1,107 ,340487836
"Animation, Adventure, Comedy",Over the Hedge,2006,6.7,83 ,339795890
"Action, Drama",300: Rise of an Empire,2014,6.2,102 ,337580051
"Action, Adventure",Batman Forever,1995,5.4,121 ,336567158
"Action, Adventure, Fantasy",Prince of Persia: The Sands of Time,2010,6.6,116 ,336365676
"Drama, Fantasy, Romance",The Curious Case of Benjamin Button,2008,7.8,166 ,335802786
"Action, Adventure, Comedy",Journey 2: The Mysterious Island,2012,5.7,94 ,335287748
"Action, Adventure, Thriller",The Rock,1996,7.4,136 ,335062621
"Action, Adventure, Fantasy",The Great Wall,2016,5.9,103 ,334933831
"Action, Adventure, Comedy",Now You See Me 2,2016,6.4,129 ,334897606
"Comedy, Fantasy, Sport",Xiu xiu de tie quan,2017,6.2,100 ,334530869
"Action, Adventure, Fantasy",Fantastic Four,2005,5.7,106 ,333535934
"Action, Adventure",Indiana Jones and the Temple of Doom,1984,7.5,118 ,333107271
"Action, Adventure, Thriller",Tomorrow Never Dies,1997,6.5,119 ,333011068
"Adventure, Comedy, Sci-Fi",Back to the Future Part II,1989,7.8,108 ,332500002
"Animation, Adventure, Comedy",The Good Dinosaur,2015,6.7,93 ,332207671
"Action, Adventure, Comedy",Free Guy,2021,7.1,115 ,331526598
"Action, Comedy, Crime",22 Jump Street,2014,7,112 ,331333876
"Comedy, Romance",Meet the Parents,2000,7,108 ,330444045
"Animation, Adventure, Comedy",Who Framed Roger Rabbit,1988,7.7,104 ,329803958
"Drama, Thriller",Black Swan,2010,8,108 ,329398046
"Action, Adventure, Drama",The Perfect Storm,2000,6.5,130 ,328718434
"Action, Crime, Thriller",John Wick: Chapter 3 - Parabellum,2019,7.4,130 ,328349387
"Action, Adventure, Comedy",Crocodile Dundee,1986,6.6,97 ,328203506
"Comedy, Sci-Fi",Feng kuang de wai xing ren,2019,5.8,116 ,327598891
"Crime, Drama, Mystery",Se7en,1995,8.6,127 ,327333559
"Comedy, Drama",The Devil Wears Prada,2006,6.9,109 ,326706115
"Action, Crime, Thriller",Taken 3,2014,6,108 ,326479141
"Animation, Drama, Family",The Hunchback of Notre Dame,1996,7,91 ,325338851
"Animation, Adventure, Comedy",A Christmas Carol,2009,6.8,96 ,325286646
"Animation, Adventure, Comedy",The SpongeBob Movie: Sponge Out of Water,2015,6,92 ,325186032
"Biography, Drama, History",Schindler's List,1993,9,195 ,322161245
"Animation, Action, Comedy",Megamind,2010,7.3,95 ,321885765
"Horror, Mystery, Thriller",The Conjuring 2,2016,7.3,134 ,321834351
"Biography, Comedy, Drama",Green Book,2018,8.2,130 ,321752656
"Action, Crime, Thriller",Lethal Weapon 3,1992,6.7,118 ,321731527
"Action, Adventure, Drama",Robin Hood,2010,6.6,140 ,321669741
"Adventure, Drama, War",Inglourious Basterds,2009,8.3,153 ,321457747
"Adventure, Comedy, Crime",101 Dalmatians,1996,5.7,103 ,320689294
"Horror, Mystery, Thriller",The Conjuring,2013,7.5,112 ,320406242
"Drama, Thriller",Fatal Attraction,1987,6.9,119 ,320145693
"Action, Adventure, Comedy",Sonic the Hedgehog,2020,6.5,99 ,319715683
"Action, Adventure, Family",The Last Airbender,2010,4,103 ,319713881
"Comedy, Drama, Romance",The Proposal,2009,6.7,108 ,317375031
"Animation, Adventure, Comedy",The Polar Express,2004,6.6,100 ,316897787
"Biography, Drama",A Beautiful Mind,2001,8.2,135 ,316791257
"Action, Comedy, Crime",Beverly Hills Cop,1984,7.3,105 ,316360478
"Action, Drama, Thriller",Air Force One,1997,6.5,124 ,315156409
"Drama, Family",Wonder,2017,7.9,113 ,315025930
"Action, Adventure, Thriller",The Expendables 2,2012,6.6,103 ,314975955
"Animation, Adventure, Comedy",Chicken Little,2005,5.7,81 ,314432837
"Comedy, Drama, Romance",As Good as It Gets,1997,7.7,139 ,314178011
"Comedy, Crime, Drama",Knives Out,2019,7.9,130 ,312897920
"Action, Adventure, Sci-Fi",Maze Runner: The Scorch Trials,2015,6.3,131 ,312296056
"Action, Horror, Sci-Fi",Resident Evil: The Final Chapter,2016,5.5,107 ,312242626
"Animation, Action, Adventure",The Lego Batman Movie,2017,7.3,104 ,312136671
"Action, Adventure, Comedy",Austin Powers: The Spy Who Shagged Me,1999,6.6,95 ,312016928
"Crime, Thriller",Ocean's Thirteen,2007,6.9,122 ,311312624
"Comedy, Romance",Little Fockers,2010,5.5,98 ,310650585
"Animation, Adventure, Comedy",Bolt,2008,6.8,96 ,309979994
"Action, Crime, Thriller",Ransom,1996,6.7,121 ,309492681
"Comedy, Romance",Runaway Bride,1999,5.6,116 ,309460292
"Biography, Drama, Sport",The Blind Side,2009,7.6,129 ,309231694
"Comedy, Romance",Qian ren 3: Zai jian qian ren,2017,5.6,120 ,307592427
"Drama, Romance",The Fault in Our Stars,2014,7.7,126 ,307166834
"Biography, Drama",The Pursuit of Happyness,2006,8,117 ,307127625
"Animation, Action, Adventure",Rise of the Guardians,2012,7.2,97 ,306941670
"Drama, Sci-Fi",Close Encounters of the Third Kind,1977,7.6,138 ,306889114
"Comedy, Crime, Musical",Chicago,2002,7.2,113 ,306776732
"Horror, Mystery, Thriller",Annabelle: Creation,2017,6.5,109 ,306515884
"Comedy, Romance",Bridesmaids,2011,6.8,125 ,306442085
"Action, Adventure, Thriller",Skyscraper,2018,5.8,102 ,304868961
"Action, Thriller",A Good Day to Die Hard,2013,5.2,98 ,304654182
"Animation, Adventure, Comedy",Mulan,1998,7.6,87 ,304320254
"Action, Biography, Drama",Dangal,2016,8.3,161 ,303723636
"Drama, Romance, Sci-Fi",Passengers,2016,7,116 ,303144152
"Action, Adventure, Sci-Fi",Battleship,2012,5.8,131 ,303025485
"Comedy, Fantasy",Liar Liar,1997,6.9,86 ,302710615
"Action, Adventure, Sci-Fi",G.I. Joe: The Rise of Cobra,2009,5.7,118 ,302469017
"Action, Adventure, Fantasy",Wrath of the Titans,2012,5.7,99 ,301970083
"Action, Adventure, Fantasy",4: Rise of the Silver Surfer,2007,5.6,92 ,301913131
"Adventure, Comedy, Family",Hook,1991,6.8,142 ,300854823
"Action, Adventure, Sci-Fi",Superman,1978,7.4,143 ,300478449
"Drama, Sport",Rocky IV,1985,6.9,91 ,300473716
"Action, Adventure, Thriller",Rambo: First Blood Part II,1985,6.5,96 ,300400432
"Action, Horror, Sci-Fi",Resident Evil: Afterlife,2010,5.8,96 ,300228084
"Action, Adventure, Fantasy",Van Helsing,2004,6,131 ,300157638
"Adventure, Comedy, Family",Stuart Little,1999,6,84 ,300135367
"Action, Comedy, Crime",Beverly Hills Cop II,1987,6.5,100 ,299965036
"Adventure, Family, Fantasy",Alice Through the Looking Glass,2016,6.2,113 ,299820798
"Comedy, Drama, Romance",My Best Friend's Wedding,1997,6.3,105 ,299288605
"Action, Drama, Sci-Fi",Real Steel,2011,7,127 ,299268508
"Animation, Adventure, Comedy",Horton Hears a Who!,2008,6.8,86 ,298572799
"Action, Comedy, Crime",Ocean's Eight,2018,6.3,110 ,297795726
"Drama, Horror, Sci-Fi",A Quiet Place Part II,2020,7.2,97 ,297372261
"Action, Adventure, Sci-Fi",Insurgent,2015,6.2,119 ,297002527
Comedy,Look Who's Talking,1989,5.9,93 ,296999813
"Action, Adventure, Comedy",Austin Powers in Goldmember,2002,6.2,94 ,296938801
"Action, Comedy, Fantasy",Ghostbusters,1984,7.8,105 ,296578797
"Adventure, Drama, Family",Miss Peregrine's Home for Peculiar Children,2016,6.7,127 ,296482446
"Action, Adventure, Sci-Fi",X-Men,2000,7.3,104 ,296339528
"Animation, Adventure, Comedy",Ferdinand,2017,6.7,108 ,296069199
"Mystery, Thriller",Shutter Island,2010,8.2,138 ,294805697
"Comedy, Family, Fantasy",Doctor Dolittle,1998,5.4,85 ,294456605
"Animation, Adventure, Comedy",Bee Movie,2007,6.1,91 ,293514336
"Action, Thriller",Salt,2010,6.4,100 ,293503354
"Animation, Action, Adventure",G-Force,2009,5.1,88 ,292817898
"Crime, Drama, Thriller",The Departed,2006,8.5,151 ,291480452
"Drama, Horror, Mystery",What Lies Beneath,2000,6.6,130 ,291420351
"Action, Adventure, Fantasy",Pacific Rim: Uprising,2018,5.6,111 ,290930148
"Action, Mystery, Thriller",The Bourne Supremacy,2004,7.7,108 ,290835269
"Comedy, Drama, Romance",Sex and the City 2,2010,4.5,146 ,290745055
"Comedy, Drama, History",Shakespeare in Love,1998,7.1,123 ,289317794
"Action, Adventure, Mystery",Divergent,2014,6.6,139 ,288885818
"Comedy, Romance",Coming to America,1988,7.1,117 ,288752301
"Comedy, Romance",Wedding Crashers,2005,7,119 ,288485135
"Action, Adventure, Sci-Fi",Maze Runner: The Death Cure,2018,6.2,143 ,288175335
"Comedy, Family, Fantasy",Casper,1995,6.1,100 ,287928194
Comedy,American Pie 2,2001,6.4,108 ,287553595
"Biography, Drama, Music",Elvis,2022,7.3,159 ,287340048
"Comedy, Music",Pitch Perfect 2,2015,6.4,115 ,287144079
"Crime, Drama, Fantasy",The Green Mile,1999,8.6,189 ,286801374
"Action, Adventure, Sci-Fi",Oblivion,2013,7,124 ,286168572
"Action, Drama, Sci-Fi",Elysium,2013,6.6,109 ,286140700
"Action, Crime, Thriller",Lethal Weapon 4,1998,6.6,127 ,285444603
"Action, Adventure, Sci-Fi",John Carter,2012,6.6,132 ,284139100
"Animation, Adventure, Comedy",Turbo,2013,6.4,96 ,282570682
"Adventure, Comedy, Family",Paddington,2014,7.3,95 ,282377683
"Comedy, Drama, Romance",Bridget Jones's Diary,2001,6.8,97 ,281995610
"Action, Thriller",The Tourist,2010,6,103 ,278780441
"Horror, Thriller",Split,2016,7.3,117 ,278454417
Comedy,Scary Movie,2000,6.2,88 ,278019771
"Action, Adventure, Thriller",xXx,2002,5.8,124 ,277448382
"Action, Adventure, Thriller",The Bourne Legacy,2012,6.6,135 ,276144750
"Animation, Adventure, Comedy",Mr. Peabody & Sherman,2014,6.8,92 ,275698039
"Adventure, Comedy, Family",Scooby-Doo,2002,5.2,89 ,275678613
"Biography, Drama, History",Lincoln,2012,7.3,150 ,275293450
"Action, Adventure, Fantasy",Lara Croft: Tomb Raider,2001,5.7,100 ,274703340
"Action, Adventure, Fantasy",Tomb Raider,2018,6.3,119 ,274650803
"Action, Adventure, Thriller",The Expendables,2010,6.4,103 ,274470394
"Animation, Adventure, Comedy",Cloudy with a Chance of Meatballs 2,2013,6.3,95 ,274325949
"Comedy, Romance, Sci-Fi",The Nutty Professor,1996,5.7,95 ,273961019
"Comedy, Drama, Romance",Jerry Maguire,1996,7.3,139 ,273552592
"Action, Comedy, Crime",Bad Boys II,2003,6.6,147 ,273339556
"Animation, Adventure, Comedy",Lilo & Stitch,2002,7.3,85 ,273144151
"Crime, Drama, Thriller",The Silence of the Lambs,1991,8.6,118 ,272742922
Comedy,Grown Ups,2010,5.9,102 ,271457301
Comedy,Neighbors,2014,6.3,97 ,270665134
"Drama, Mystery, Thriller",The Firm,1993,6.8,154 ,270248367
"Comedy, Crime",We're the Millers,2013,7,110 ,269994119
Drama,Gran Torino,2008,8.1,116 ,269958228
"Action, Adventure, Drama","10,000 BC",2008,5.1,109 ,269784201
"Biography, Crime, Drama",American Gangster,2007,7.8,157 ,269755430
"Animation, Action, Adventure",Epic,2013,6.6,102 ,268426634
"Action, Adventure, Drama",Exodus: Gods and Kings,2014,6,150 ,268175631
"Action, Drama, Mystery",Blade Runner 2049,2017,8,164 ,267770708
"Animation, Adventure, Drama",Bambi,1942,7.3,69 ,267447150
"Animation, Adventure, Comedy",The Princess and the Frog,2009,7.1,97 ,267045765
"Action, Crime, Fantasy",Batman Returns,1992,7.1,126 ,266915287
"Drama, Romance",Indecent Proposal,1993,6,117 ,266614059
"Comedy, Drama, Romance",Something's Gotta Give,2003,6.7,128 ,265328738
"Comedy, Drama, Romance",Bridget Jones: The Edge of Reason,2004,6,108 ,265126918
"Action, Adventure, Sci-Fi",The Incredible Hulk,2008,6.6,112 ,264770996
"Action, Adventure, Sci-Fi",Waterworld,1995,6.3,135 ,264218220
"Comedy, Drama",The Truman Show,1998,8.2,103 ,264118201
"Action, Adventure, Comedy",Charlie's Angels,2000,5.6,98 ,264105545
"Action, Adventure, Sci-Fi",The Fifth Element,1997,7.6,126 ,263920180
"Adventure, Comedy, Family",Jumanji,1995,7,104 ,262821940
"Drama, Thriller",Gisaengchung,2019,8.5,132 ,262676096
Comedy,Borat: Cultural Learnings of America for Make Benefit Glorious Nation of Kazakhstan,2006,7.4,84 ,262552893
"Animation, Adventure, Comedy",Robots,2005,6.4,91 ,262511490
"Action, Adventure, Comedy",Knight and Day,2010,6.3,109 ,261989769
"Action, Adventure, Sci-Fi",Total Recall,1990,7.5,113 ,261317921
"Documentary, Drama, Music",This Is It,2009,7.2,111 ,261183588
"Action, Adventure, Sci-Fi",Terminator: Dark Fate,2019,6.2,128 ,261119292
"Action, Adventure, Western",The Lone Ranger,2013,6.4,150 ,260502115
"Action, Mystery, Sci-Fi",Super 8,2011,7,112 ,260095986
"Crime, Horror, Thriller",Halloween,2018,6.5,106 ,259939835
"Action, Adventure, Drama",Xun long jue,2015,5.9,127 ,259368448
"Action, Adventure, Comedy",Charlie's Angels: Full Throttle,2003,4.9,106 ,259175788
"Action, Comedy, Crime",Rush Hour 3,2007,6.2,91 ,258097122
"Comedy, Drama",The Full Monty,1997,7.2,91 ,257938649
"Action, Adventure, Comedy",Gong fu yu jia,2017,5.1,107 ,257753889
"Horror, Mystery, Thriller",Annabelle,2014,5.4,99 ,257589721
"Animation, Comedy, Family",Encanto,2021,7.2,102 ,256786742
"Drama, Mystery, Thriller",The Village,2004,6.6,108 ,256697520
"Action, Adventure, Comedy",Gang jiong,2015,5.4,114 ,256283912
"Biography, Drama",Erin Brockovich,2000,7.4,131 ,256271286
"Horror, Mystery, Thriller",Us,2019,6.8,116 ,256067149
"Comedy, Sport",Fei chi ren sheng,2019,6.3,98 ,255863112
"Horror, Mystery, Thriller",Get Out,2017,7.7,104 ,255745157
"Drama, Family",Marley & Me,2008,7,111 ,255743093
"Action, Adventure, Thriller",Cliffhanger,1993,6.5,113 ,255000211
"Action, Drama",Baahubali 2: The Conclusion,2017,8.2,167 ,254158390
"Comedy, Drama, Family",Babe,1995,6.9,91 ,254134910
"Action, Adventure, Comedy",Men in Black: International,2019,5.6,114 ,253890701
"Action, Adventure, Comedy",Wild Hogs,2007,5.8,100 ,253625427
"Comedy, Drama, Family",High School Musical 3: Senior Year,2008,4.9,112 ,252909177
"Animation, Adventure, Comedy",Hercules,1997,7.3,93 ,252712101
"Action, Adventure, Sci-Fi",Dark Phoenix,2019,5.7,113 ,252442974
"Drama, Western",True Grit,2010,7.6,110 ,252276927
"Adventure, Comedy, Family",Dolittle,2020,5.6,101 ,251410631
"Adventure, Comedy, Family",Bean,1997,6.5,89 ,251212670
"Crime, Drama",American Hustle,2013,7.2,138 ,251171807
"Action, Thriller",Enemy of the State,1998,7.3,132 ,250849789
"Comedy, Drama, Romance",You've Got Mail,1998,6.7,119 ,250821495
"Action, Adventure, Family",Eragon,2006,5.1,104 ,250425512
"Animation, Adventure, Comedy",Brother Bear,2003,6.8,85 ,250397798
"Crime, Drama",The Godfather,1972,9.2,175 ,250341816
"Action, Adventure, Comedy",The Mask of Zorro,1998,6.8,136 ,250288523
"Animation, Adventure, Comedy",The Bad Guys,2022,6.8,100 ,250162278
"Horror, Mystery",The Ring,2002,7.1,115 ,249348933
"Horror, Mystery",The Blair Witch Project,1999,6.5,81 ,248639099
"Drama, Mystery, Sci-Fi",Unbreakable,2000,7.3,106 ,248118121
"Comedy, Drama, Romance",Love Actually,2003,7.6,135 ,247933248
"Adventure, Comedy, Fantasy",Journey to the West: Demon Chapter,2017,5.4,109 ,247585244
Comedy,Dumb and Dumber,1994,7.3,107 ,247290327
"Drama, Horror, Sci-Fi",Glass,2019,6.6,129 ,246999039
Comedy,Grown Ups 2,2013,5.3,101 ,246984278
"Animation, Adventure, Comedy",The Peanuts Movie,2015,7,88 ,246233113
"Animation, Action, Adventure",Rango,2011,7.2,107 ,245724603
"Comedy, Drama, Romance",Four Weddings and a Funeral,1994,7.1,117 ,245700832
"Action, Crime, Sci-Fi",Face/Off,1997,7.3,138 ,245676146
"Action, Adventure, Comedy",Teenage Mutant Ninja Turtles: Out of the Shadows,2016,5.9,112 ,245623848
"Comedy, Fantasy, Horror",Dark Shadows,2012,6.2,113 ,245527149
"Action, Sci-Fi",Hulk,2003,5.6,138 ,245285165
"Action, Drama",Lie huo ying xiong,2019,5.7,118 ,245179562
"Comedy, Romance",Bienvenue chez les Ch'tis,2008,7.1,106 ,245144417
"Adventure, Comedy, Sci-Fi",Back to the Future Part III,1990,7.4,118 ,245077583
"Action, Comedy, Fantasy",Pixels,2015,5.6,105 ,244874809
"Action, Adventure, Fantasy",Hercules,2014,6,98 ,244819862
"Action, Comedy, Crime",Rush Hour,1998,7,98 ,244721064
"Action, Adventure, Family",Journey to the Center of the Earth,2008,5.8,93 ,244232688
"Action, Adventure, Sci-Fi",After Earth,2013,4.8,100 ,243611982
"Drama, Thriller",A Few Good Men,1992,7.7,138 ,243240178
"Animation, Adventure, Comedy",Cloudy with a Chance of Meatballs,2009,6.9,90 ,243006126
"Drama, Music",8 Mile,2002,7.2,110 ,242875078
"Comedy, Family",Daddy's Home,2015,6.1,96 ,242786137
"Action, Crime, Sci-Fi",RoboCop,2014,6.1,117 ,242688965
"Action, Crime, Thriller",Eraser,1996,6.2,115 ,242295562
"Horror, Sci-Fi, Thriller",Alien: Covenant,2017,6.4,122 ,240891763
"Biography, Drama",Sully,2016,7.4,96 ,240797623
"Action, Adventure, Sci-Fi",Assassin's Creed,2016,5.6,115 ,240697856
"Comedy, Drama, Fantasy",Click,2006,6.4,107 ,240685326
"Animation, Action, Adventure",Jiang Ziya,2020,6.5,110 ,240646355
"Animation, Adventure, Comedy",Planes,2013,5.7,91 ,240171783
"Action, Horror, Sci-Fi",Resident Evil: Retribution,2012,5.3,95 ,240159255
"Action, Thriller",Die Hard 2,1990,7.1,124 ,240031274
"Action, Adventure, Comedy",Crocodile Dundee II,1988,5.7,108 ,239606210
"Action, Comedy, Thriller",Bullet Train,2022,7.3,127 ,239268602
"Comedy, Drama, Romance",Crazy Rich Asians,2018,6.9,120 ,238843729
"Action, Sci-Fi",Batman & Robin,1997,3.7,125 ,238235719
"Animation, Adventure, Family",Hauru no ugoku shiro,2004,8.2,119 ,237536126
"Adventure, Comedy, Family",Gulliver's Travels,2010,4.9,85 ,237382724
"Action, Crime, Thriller",Gone in Sixty Seconds,2000,6.5,118 ,237202299
"Drama, Music",Saturday Night Fever,1977,6.8,118 ,237113184
"Comedy, Drama, Romance",Silver Linings Playbook,2012,7.7,122 ,236412453
"Action, Crime, Thriller",2 Fast 2 Furious,2003,5.9,107 ,236350661
"Biography, Drama, History",Hidden Figures,2016,7.8,127 ,235956898
"Drama, Sci-Fi",A.I. Artificial Intelligence,2001,7.2,146 ,235926552
"Comedy, Drama",Dead Poets Society,1989,8.1,128 ,235860116
"Action, Comedy",Spy,2015,7,120 ,235666219
Comedy,American Pie,1999,7,95 ,235483004
Comedy,American Reunion,2012,6.7,113 ,234989584
"Comedy, Drama",Big Daddy,1999,6.4,93 ,234801895
"Animation, Adventure, Comedy",Alvin and the Chipmunks: The Road Chip,2015,4.9,92 ,234798636
"Biography, Drama, Thriller",The Imitation Game,2014,8,114 ,233555708
"Adventure, Comedy, Crime",Cruella,2021,7.3,134 ,233503234
"Adventure, Drama, Sci-Fi",The Day the Earth Stood Still,2008,5.5,104 ,233093859
Comedy,American Wedding,2003,6.3,96 ,232722935
"Crime, Drama, Mystery",The Girl with the Dragon Tattoo,2011,7.8,158 ,232617430
"Comedy, Drama",Juno,2007,7.5,96 ,232372681
"Biography, Drama, Thriller",Argo,2012,7.7,120 ,232325503
"Comedy, Family",Mr. Bean's Holiday,2007,6.4,90 ,232225908
"Drama, Romance, War",The English Patient,1996,7.4,162 ,231976425
"Comedy, Family, Music",Sister Act,1992,6.5,100 ,231605150
"Horror, Mystery, Thriller",Annabelle Comes Home,2019,5.9,106 ,231252591
"Action, Fantasy, Horror",Constantine,2005,7,121 ,230884728
"Action, Adventure, Comedy",Get Smart,2008,6.5,110 ,230685453
"Animation, Adventure, Comedy",Space Jam,1996,6.5,88 ,230594962
"Comedy, Drama, Romance",La vita è bella,1997,8.6,116 ,230098753
"Action, Comedy, Crime",The Heat,2013,6.6,117 ,229930771
"Action, Comedy, Fantasy",Ghostbusters,2016,6.8,117 ,229147509
"Action, Fantasy, Thriller",Ghost Rider,2007,5.3,110 ,228738393
Comedy,Xia Luo te fan nao,2015,6.7,104 ,228122928
"Adventure, Comedy, Family",Paddington 2,2017,7.8,103 ,227994792
"Comedy, Drama, Romance",Sleepless in Seattle,1993,6.8,105 ,227927165
"Action, Crime, Thriller",Lethal Weapon 2,1989,7.2,114 ,227853986
"Action, Comedy, Crime",The Green Hornet,2011,5.8,119 ,227817248
"Biography, Drama, Romance",Out of Africa,1985,7.1,161 ,227514205
"Adventure, Comedy, Family",Elf,2003,7.1,97 ,227356156
"Drama, Romance, War",Fang hua,2017,7,135 ,227091290
"Action, Crime, Drama",Baby Driver,2017,7.6,113 ,226945087
"Action, Drama, Fantasy",Immortals,2011,6,110 ,226904017
"Action, Crime, Thriller",Taken,2008,7.8,90 ,226837760
"Adventure, Family, Fantasy",Percy Jackson & the Olympians: The Lightning Thief,2010,5.8,118 ,226497209
"Animation, Action, Adventure",Lightyear,2022,6.1,105 ,226425420
"Action, Fantasy, Horror",Hansel & Gretel: Witch Hunters,2013,6.1,88 ,226349749
"Action, Adventure, Fantasy",Valerian and the City of a Thousand Planets,2017,6.4,136 ,225973340
"Drama, Romance",Good Will Hunting,1997,8.3,126 ,225933435
"Crime, Drama, Romance",Shaonian de ni,2019,7.5,135 ,225918798
"Action, Biography, Drama",Ford v Ferrari,2019,8.1,152 ,225508210
"Action, Adventure, Sci-Fi",Jumper,2008,6.1,88 ,225132113
"Biography, Drama",The Social Network,2010,7.8,120 ,224920375
"Animation, Adventure, Comedy",Chicken Run,2000,7.1,84 ,224874811
"Action, Crime, Thriller",Con Air,1997,6.9,115 ,224012234
"Drama, Fantasy, Horror",Interview with the Vampire: The Vampire Chronicles,1994,7.5,123 ,223664608
"Drama, Mystery, Thriller",Flightplan,2005,6.3,98 ,223387299
"Comedy, Romance",Yes Man,2008,6.8,104 ,223241637
"Action, Mystery, Thriller",Non-Stop,2014,6.9,106 ,222809600
"Adventure, Comedy, Family","Honey, I Shrunk the Kids",1989,6.4,93 ,222724172
"Documentary, Drama, War",Fahrenheit 9/11,2004,7.5,122 ,222446882
"Action, Comedy, Sci-Fi",Wild Wild West,1999,4.9,106 ,222104681
Drama,Wo he wo de fu bei,2021,6,157 ,221831086
"Action, Sci-Fi, Thriller",Geostorm,2017,5.3,109 ,221600160
"Mystery, Thriller",Presumed Innocent,1990,6.9,127 ,221303188
"Action, Adventure, Comedy",Jungle Cruise,2021,6.6,127 ,220889446
Comedy,Scary Movie 3,2003,5.5,84 ,220673217
"Action, Crime, Drama",Collateral,2004,7.5,120 ,220239925
"Action, Adventure, Crime",Inferno,2016,6.2,121 ,220021259
"Comedy, Romance",Knocked Up,2007,6.9,129 ,219922417
"Action, Adventure, Sci-Fi",Green Lantern,2011,5.5,114 ,219851172
"Comedy, Romance",What Happens in Vegas,2008,6.1,99 ,219375562
"Comedy, Drama, Romance",It's Complicated,2009,6.5,121 ,219103655
"Comedy, Drama, Romance",The Terminal,2004,7.4,128 ,219100084
"Drama, Romance",Little Women,2019,7.8,135 ,218843645
"Action, Biography, Crime",Captain Phillips,2013,7.8,134 ,218791811
"Animation, Adventure, Drama",The Prince of Egypt,1998,7.2,99 ,218613188
"Action, Mystery, Thriller",Jack Reacher,2012,7,130 ,218340595
"Action, Adventure, Drama",Kingdom of Heaven,2005,7.2,144 ,218122627
"Animation, Adventure, Comedy",The Emoji Movie,2017,3.4,86 ,217776646
Comedy,Zhe ge sha shou bu tai leng jing,2022,6.1,109 ,217254604
"Action, Drama, Fantasy",Dracula Untold,2014,6.2,92 ,217124280
"Action, Comedy, Crime",Central Intelligence,2016,6.3,107 ,216972543
"Drama, Sport",Million Dollar Baby,2004,8.1,132 ,216763646
Drama,The Help,2011,8.1,146 ,216639112
"Comedy, Crime",Twins,1988,6.1,107 ,216614388
"Comedy, Romance",Valentine's Day,2010,5.7,125 ,216528528
"Comedy, Romance",Bad Teacher,2011,5.6,92 ,216197492
"Horror, Mystery, Thriller",Smile,2022,6.5,115 ,216135048
"Drama, Family",Song ni yi duo xiao hong hua,2020,6.7,122 ,216000000
"Animation, Adventure, Comedy",The Croods: A New Age,2020,6.9,95 ,215905815
"Action, Crime, Drama",Clear and Present Danger,1994,6.9,141 ,215887717
"Animation, Adventure, Comedy",One Hundred and One Dalmatians,1961,7.3,79 ,215880014
Comedy,Ted 2,2015,6.3,115 ,215863606
"Drama, Fantasy, Horror",Dracula,1992,7.4,128 ,215862692
"Action, Adventure, Drama",Vertical Limit,2000,5.9,124 ,215663859
"Action, Comedy, Fantasy",Ghostbusters II,1989,6.6,108 ,215394738
"Action, Drama, History",The Patriot,2000,7.2,165 ,215294342
"Action, Adventure, Family",The Sorcerer's Apprentice,2010,6.1,109 ,215283742
"Comedy, Romance",Just Go with It,2011,6.4,117 ,214945591
"Action, Adventure, Thriller",The Expendables 3,2014,6.1,126 ,214657577
"Drama, Music, Romance",Dirty Dancing,1987,7,100 ,214577242
"Action, Drama, Sport",Creed II,2018,7.1,130 ,214215889
"Animation, Adventure, Comedy",Smallfoot,2018,6.6,96 ,214115531
"Action, Biography, Crime",Public Enemies,2009,7,140 ,214104620
"Action, Mystery, Thriller",The Bourne Identity,2002,7.9,119 ,214034224
"Drama, Thriller",Disclosure,1994,6.1,128 ,214015089
"Crime, Drama",Pulp Fiction,1994,8.9,154 ,213928762
"Biography, Drama",The Aviator,2004,7.5,170 ,213719942
"Action, Adventure, Drama",Wo hu cang long,2000,7.9,120 ,213525736
"Biography, Drama, History",Braveheart,1995,8.4,178 ,213216216
"Adventure, Comedy, Drama",Into the Woods,2014,5.9,125 ,212902372
"Adventure, Comedy, Family",Bedtime Stories,2008,6,99 ,212874864
"Action, Comedy, Crime",Miss Congeniality,2000,6.3,109 ,212742720
"Action, Crime, Romance",Entrapment,1999,6.3,113 ,212404396
"Adventure, Comedy, Crime",Ace Ventura: When Nature Calls,1995,6.4,90 ,212385533
"Action, Fantasy, Horror",End of Days,1999,5.8,122 ,211989043
"Comedy, Drama, Romance",Bridget Jones's Baby,2016,6.5,123 ,211952420
"Action, Drama, War",Fury,2014,7.5,134 ,211822697
"Action, Adventure, Sci-Fi",Battle: Los Angeles,2011,5.7,116 ,211819354
"Adventure, Drama, Romance",Australia,2008,6.6,165 ,211787511
"Comedy, Drama",Due Date,2010,6.5,95 ,211780824
"Action, Adventure, Drama",Master and Commander: The Far Side of the World,2003,7.4,138 ,211622535
"Adventure, Comedy, Family",A Series of Unfortunate Events,2004,6.8,108 ,211468235
"Animation, Adventure, Family",The Little Mermaid,1989,7.6,83 ,211343479
"Comedy, Drama",Qi ji · Ben xiao hai,2022,6.6,106 ,211019042
"Action, Sci-Fi, Thriller",District 9,2009,7.9,112 ,210888950
"Action, Adventure, Sci-Fi",Moonraker,1979,6.2,126 ,210308099
"Horror, Mystery, Thriller",The Others,2001,7.6,101 ,209947037
"Comedy, Crime",Horrible Bosses,2011,6.9,98 ,209838559
"Drama, Romance",Hou lai de wo men,2018,7.4,120 ,209221380
"Crime, Drama, Thriller",Red Dragon,2002,7.2,124 ,209196298
"Action, Adventure, Family",Tomorrowland,2015,6.4,130 ,209035668
"Drama, Romance",Me Before You,2016,7.4,106 ,208314186
"Action, Thriller",Safe House,2012,6.7,115 ,208076205
"Action, Adventure, Crime",S.W.A.T.,2003,6,117 ,207725639
"Action, Crime, Thriller",The Fast and the Furious,2001,6.8,106 ,207517509
"Crime, Drama, Thriller",Traffic,2000,7.6,147 ,207515725
"Animation, Action, Adventure",DC League of Super-Pets,2022,7.2,105 ,207357117
"Horror, Mystery",Paranormal Activity 3,2011,5.8,83 ,207039844
Drama,Philadelphia,1993,7.7,125 ,206678440
"Horror, Mystery, Thriller",The Conjuring: The Devil Made Me Do It,2021,6.3,112 ,206431050
"Fantasy, Horror, Mystery",Sleepy Hollow,1999,7.3,105 ,206071502
"Comedy, Romance",The Holiday,2006,6.9,136 ,205850169
"Animation, Adventure, Comedy",The Jungle Book,1967,7.6,78 ,205843612
"Action, Adventure, Crime",Nou fo,2021,6.5,126 ,205842393
"Action, Thriller",London Has Fallen,2016,5.9,99 ,205754447
"Comedy, Drama, Romance",The Break-Up,2006,5.8,106 ,205668210
"Action, Adventure, Comedy",Xi you: Xiang mo pian,2013,6.7,110 ,205637183
"Comedy, Romance",The Ugly Truth,2009,6.4,96 ,205599393
"Drama, History, Thriller",JFK,1991,8,189 ,205405498
"Action, Comedy, Crime",Birds of Prey and the Fantabulous Emancipation of One Harley Quinn,2020,6,109 ,205372791
"Action, Drama, Thriller",White House Down,2013,6.3,131 ,205366737
"Adventure, Comedy, Drama",A Dog's Purpose,2017,7.2,100 ,205035819
"Animation, Adventure, Comedy",Gake no ue no Ponyo,2008,7.6,101 ,204826668
"Comedy, Crime",Fun with Dick and Jane,2005,6.2,90 ,204681899
"Biography, Drama, Romance",Eat Pray Love,2010,5.8,133 ,204594016
"Animation, Comedy, Family",The Addams Family,2019,5.8,86 ,204394183
"Adventure, Comedy, Fantasy",Ghostbusters: Afterlife,2021,7.1,124 ,204334455
"Action, Comedy",You Don't Mess with the Zohan,2008,5.6,113 ,204313400
"Comedy, Drama, Musical",Hairspray,2007,6.7,117 ,203627753
"Action, Adventure, Drama",King Arthur,2004,6.3,126 ,203567857
"Animation, Adventure, Comedy",Yogi Bear,2010,4.6,81 ,203509374
"Action, Adventure, Biography",Everest,2015,7.1,121 ,203427584
"Fantasy, Mystery, Romance",Vanilla Sky,2001,6.9,136 ,203388341
"Drama, Mystery, Sci-Fi",Arrival,2016,7.9,116 ,203388186
"Action, Thriller",Need for Speed,2014,6.4,132 ,203277636
"Animation, Adventure, Comedy",Garfield,2004,5,80 ,203172417
"Biography, Comedy, Drama",Patch Adams,1998,6.8,115 ,202292902
"Action, Adventure, Comedy",Teenage Mutant Ninja Turtles,1990,6.7,93 ,202084756
"Action, Comedy, Crime",Kindergarten Cop,1990,6.2,111 ,201957688
"Biography, Drama, History",Straight Outta Compton,2015,7.8,147 ,201634991
"Action, Comedy, Crime",21 Jump Street,2012,7.2,109 ,201585328
"Drama, History, Thriller",Valkyrie,2008,7.1,121 ,201545517
"Animation, Adventure, Comedy",Open Season,2006,6.1,86 ,200811689
"Action, Adventure, Comedy",Cats & Dogs,2001,5.1,87 ,200687492
"Action, Adventure, Thriller",The Hunt for Red October,1990,7.5,135 ,200512643
"Adventure, Family, Fantasy",Percy Jackson: Sea of Monsters,2013,5.7,106 ,199850315
"Comedy, Romance",Two Weeks Notice,2002,6.1,101 ,199043471
"Action, Comedy, Crime",RED,2010,7,111 ,199006387
"Action, Crime, Thriller",Chak dan juen ga 2,2020,6.6,120 ,198921659
"Drama, Fantasy, Romance",City of Angels,1998,6.7,114 ,198685114
"Action, Comedy, Drama",The Pacifier,2005,5.6,95 ,198636868
"Comedy, Drama, Romance",50 First Dates,2004,6.8,99 ,198520934
"Action, Adventure, Sci-Fi",Total Recall,2012,6.2,118 ,198467168
"Comedy, Drama",Yi chu hao xi,2018,6.2,134 ,198326350
"Adventure, Drama, History",Lo imposible,2012,7.5,114 ,198087212
"Adventure, Comedy, Drama",Ren zai jiong tu: Tai jiong,2012,6.2,105 ,197757387
"Adventure, Comedy, Drama",Christopher Robin,2018,7.2,104 ,197744377
"Action, Adventure, Fantasy",Jack the Giant Slayer,2013,6.2,114 ,197687603
"Animation, Adventure, Comedy",Smurfs: The Lost Village,2017,6,90 ,197183546
Drama,Zhong guo yi sheng,2021,4.7,129 ,197143218
"Action, Adventure, Comedy",Spy Kids 3: Game Over,2003,4.3,84 ,197101678
"Crime, Drama, Thriller",Panic Room,2002,6.8,112 ,197079546
"Comedy, Romance",The Other Woman,2014,6,109 ,196710396
"Action, Adventure, Sci-Fi",Stargate,1994,7,116 ,196567262
"Animation, Action, Adventure",Beowulf,2007,6.3,115 ,196393745
"Drama, Romance",The Vow,2012,6.8,104 ,196114570
Comedy,Anger Management,2003,6.2,106 ,195745823
"Action, Comedy, War",Tropic Thunder,2008,7.1,107 ,195702963
"Drama, Fantasy, Romance",The Shape of Water,2017,7.3,123 ,195333312
"Biography, Drama, Musical",Rocketman,2019,7.3,121 ,195320400
"Crime, Drama, Mystery",The Pelican Brief,1993,6.6,141 ,195268056
"Adventure, Family, Fantasy",The BFG,2016,6.3,117 ,195243411
"Drama, Romance",Downton Abbey,2019,7.4,122 ,194694725
"Comedy, Drama",The Intern,2015,7.1,121 ,194564672
"Animation, Adventure, Comedy",The Curse of the Were-Rabbit,2005,7.5,85 ,194137091
"Animation, Adventure, Comedy",Gnomeo & Juliet,2011,5.9,84 ,193967670
"Action, Drama, Thriller",The Sum of All Fears,2002,6.4,124 ,193921372
"Crime, Drama",Gangs of New York,2002,7.5,167 ,193772504
"Biography, Drama, History",The Post,2017,7.2,116 ,193764664
"Action, Adventure, Fantasy",Xi you ji zhi: Sun Wukong san da Baigu Jing,2016,5.9,119 ,193678298
"Horror, Mystery",Paranormal Activity,2007,6.3,86 ,193355800
"Animation, Drama, Fantasy",Tenki no ko,2019,7.5,112 ,193337225
"Animation, Action, Adventure",The Lego Movie 2: The Second Part,2019,6.6,107 ,192456290
"Action, Crime, Thriller",The Equalizer,2014,7.2,132 ,192330738
"Crime, Drama, Thriller",Wu sha,2019,6.8,112 ,191602146
"Comedy, Fantasy",The Addams Family,1991,6.9,99 ,191502426
"Comedy, Crime, Sport",The Longest Yard,2005,6.4,113 ,191466556
"Action, Adventure, Comedy",The Lost City,2022,6.1,112 ,190844029
"Comedy, Drama, Family",The Santa Clause,1994,6.5,97 ,190539357
"Comedy, Family",Cheaper by the Dozen,2003,5.9,98 ,190538630
"Action, Crime, Thriller",The Equalizer 2,2018,6.7,121 ,190400157
"Animation, Adventure, Comedy",Abominable,2019,7,97 ,190304772
"Action, Horror, Sci-Fi",Hollow Man,2000,5.8,112 ,190213455
"Action, Drama, Thriller",Outbreak,1995,6.6,127 ,189859560
"Action, Crime",So duk 2: Tin dei duei kuet,2019,6,99 ,189396380
"Drama, Mystery, Sci-Fi",The X Files,1998,7,121 ,189176423
"Comedy, Drama, Romance",Xin hua lu fang,2014,6.4,116 ,189017596
"Action, Adventure, Thriller",Rambo III,1988,5.8,102 ,189015611
"Adventure, Comedy, Drama",The Secret Life of Walter Mitty,2013,7.3,114 ,188133322
"Action, Crime, Mystery",Mou seung,2018,6.8,130 ,188116796
"Adventure, Horror, Thriller",Jaws 2,1978,5.8,116 ,187884007
"Biography, Drama, History",12 Years a Slave,2013,8.1,134 ,187733202
"Action, Crime, Drama",Heat,1995,8.3,170 ,187436818
"Comedy, Family, Fantasy",Mr. Popper's Penguins,2011,6,94 ,187361754
"Horror, Mystery, Thriller",The Grudge,2004,5.9,91 ,187281115
"Comedy, Romance",I Now Pronounce You Chuck & Larry,2007,5.9,115 ,187134117
"Drama, Romance, Western",The Horse Whisperer,1998,6.7,169 ,186883563
"Biography, Drama, Music",Walk the Line,2005,7.8,136 ,186797986
Comedy,Jian bing xia,2015,5.6,113 ,186699768
"Animation, Adventure, Comedy",The Jungle Book 2,2003,5.3,72 ,186303759
"Horror, Thriller",The Final Destination,2009,5.1,82 ,186167139
"Animation, Action, Adventure",Atlantis: The Lost Empire,2001,6.9,95 ,186053725
"Crime, Drama, Mystery",Inside Man,2006,7.6,129 ,186003591
"Comedy, Sport",The Waterboy,1998,6.1,90 ,185991646
"Adventure, Drama, Family",Hugo,2011,7.5,126 ,185770310
"Comedy, Music",Pitch Perfect 3,2017,5.8,93 ,185400345
"Action, Drama, Mystery",Watchmen,2009,7.6,162 ,185382813
Comedy,The Birdcage,1996,7.2,117 ,185260553
"Drama, Musical, Romance",Moulin Rouge!,2001,7.6,127 ,184935320
"Animation, Adventure, Family",Snow White and the Seven Dwarfs,1937,7.6,83 ,184925486
"Animation, Adventure, Comedy",Hop,2011,5.4,95 ,184367145
Comedy,Bad Moms,2016,6.2,100 ,183936074
"Action, Adventure, Sci-Fi",Jupiter Ascending,2015,5.3,127 ,183887723
"Action, Mystery, Sci-Fi",Knowing,2009,6.2,121 ,183658498
"Adventure, Comedy, Family",102 Dalmatians,2000,4.8,100 ,183611771
"Animation, Adventure, Comedy",Storks,2016,6.8,87 ,183510278
"Animation, Comedy, Drama",Stand by Me Doraemon,2014,7.3,95 ,183442714
"Action, Comedy, Crime",The Hitman's Bodyguard,2017,6.9,118 ,183428689
"Action, Comedy, Crime",Paul Blart: Mall Cop,2009,5.2,91 ,183348429
"Comedy, Music",Wayne's World,1992,7,94 ,183097323
"Action, Adventure, Comedy",Maverick,1994,7,127 ,183031272
"Adventure, Comedy, Drama",Mirror Mirror,2012,5.6,106 ,183018522
"Action, Adventure, Drama",The Man in the Iron Mask,1998,6.5,132 ,182968902
"Crime, Thriller",Cape Fear,1991,7.3,128 ,182291969
"Comedy, Family, Fantasy",The Haunted Mansion,2003,5.1,99 ,182290266
"Action, Adventure, Family",Xi you ji: Da nao tian gong,2014,4.9,119 ,182206924
"Comedy, Drama, Romance",While You Were Sleeping,1995,6.8,103 ,182057016
"Drama, Romance",The Bridges of Madison County,1995,7.6,135 ,182016617
"Comedy, Drama",Du cheng feng yun III,2016,2.6,113 ,181732879
"Action, Adventure, Thriller",Poseidon,2006,5.7,98 ,181674817
Comedy,The First Wives Club,1996,6.4,103 ,181489203
"Crime, Drama, Thriller",Xuan ya zhi shang,2021,6.5,120 ,181325565
"Adventure, Comedy, Family",Scooby-Doo 2: Monsters Unleashed,2004,5.2,93 ,181239132
"Action, Comedy",Hot Shots!,1991,6.7,84 ,181096164
"Crime, Drama, Thriller",Road to Perdition,2002,7.7,117 ,181001478
"Action, Crime, Drama",Kill Bill: Vol. 1,2003,8.2,111 ,180906076
"Action, Adventure, Fantasy",The Scorpion King,2002,5.5,92 ,180630907
"Comedy, Romance",Sweet Home Alabama,2002,6.2,108 ,180622424
Comedy,Daddy's Home 2,2017,6,100 ,180613824
"Biography, Drama, History",Hacksaw Ridge,2016,8.1,139 ,180563636
"Action, Crime, Sci-Fi",Deja Vu,2006,7.1,126 ,180557550
"Biography, Drama",Dangerous Minds,1995,6.5,99 ,179519401
"Animation, Action, Adventure",One Piece Film Red,2022,6.7,115 ,179444905
Comedy,The Dictator,2012,6.4,83 ,179379533
"Action, Adventure, Fantasy",The League of Extraordinary Gentlemen,2003,5.8,110 ,179265204
"Action, Adventure, Mystery",Allegiant,2016,5.7,120 ,179246868
"Action, Crime",Daredevil,2003,5.3,103 ,179179718
"Comedy, Western",City Slickers,1991,6.8,113 ,179033791
"Comedy, Drama, Romance",He's Just Not That Into You,2009,6.4,129 ,178866158
"Action, Mystery, Thriller",Eagle Eye,2008,6.6,118 ,178767383
"Comedy, Romance",Along Came Polly,2004,6,90 ,178311729
"Animation, Action, Adventure",Flushed Away,2006,6.6,85 ,178281554
Comedy,Scary Movie 4,2006,5.1,83 ,178262620
"Action, Adventure, Thriller",Dante's Peak,1997,6,108 ,178127760
"Drama, Romance",Brokeback Mountain,2005,7.7,134 ,178062759
"Action, Thriller",Patriot Games,1992,6.8,117 ,178051587
"Comedy, Family, Sci-Fi",Flubber,1997,5.3,93 ,177977226
"Action, Comedy, Crime",Baywatch,2017,5.5,116 ,177856751
"Crime, Drama, Mystery",Double Jeopardy,1999,6.5,105 ,177841558
"Action, Adventure, Drama",War Horse,2011,7.2,146 ,177584879
"Horror, Mystery",Paranormal Activity 2,2010,5.7,91 ,177512032
"Comedy, Romance",How to Lose a Guy in 10 Days,2003,6.4,116 ,177502387
"Action, Adventure, Horror",AVP: Alien vs. Predator,2004,5.6,101 ,177427090
"Action, Adventure, Drama",Ying xiong,2002,7.9,120 ,177395557
"Comedy, Romance",The 40 Year Old Virgin,2005,7.1,116 ,177378645
